,id,full_text,user_location,geo,coordinates,place
0,1594414330010865666,"My top 5 fragrances Iâ€™ve found in 2022:
5. @glossier - You
4. @Hermes_Paris - Le Jardin Sur Le Nil
3. @HelloSkylar_ - Indigo Valley
2. @snifnyc - Sweet Ash
1. @yslbeauty - Libre 

Iâ€™ve become such a perfume girlie lol, please recommend &amp; describe any fragrances you love ğŸ›ï¸ğŸ’•","Philadelphia, PA",,,
1,1594358022192726018,"@glossier hi, is it true that the swiss miss bdc was stocked for a bit on 17. nov on the french website? i ordered 3 but it hasnâ€™t shipped yet, i hope it wasnâ€™t a glitch ğŸ˜¢ğŸ˜¢",she/her,,,
2,1594346634422501381,@glossier I've received 5 promotional emails from you since I completed my purchase. But no one has the time to send me a quick update on my order? ğŸ™ƒ,"Leeds, England",,,
3,1594316553646116864,"@glossier I emailed you days ago and have gotten no response there either, though.","Chicago, IL",,,
4,1594289659202662401,"@glossier I placed an order with you (totalling almost Â£100) on the 8th of November. Received an acknowledgment and order No. I've emailed twice since then, because I have not received a shipping confirmation, and those emails have gone unanswered. Please could SOMEONE respond?","Leeds, England",,,
5,1594212373937934336,@StardustDex thank you a @glossier classic!! gn six ğŸ«¶ğŸ¼,,,,
6,1594171511229018113,"RT @SSENSE: @Prada Aoyama Tokyo by @romany_williams (https://t.co/fr2y8MSoqh), @IsseyMiyakeUSA Kyoto by @nodako (https://t.co/0ZO0ZhmNfH),â€¦",philly@dublin.com ,,,
7,1594154398439071747,"RT @LiviesHQ: @isobelvictoria_ @glossier @oliviarodrigo hey izzy, u look good ğŸ¤—",tinista & livie,,,
8,1594118447134294018,PLEASE are you going to restock the More of You Perfume and Candle set i need it for a christmas gift D: @glossier,"New York, USA",,,
9,1594115016495886338,@glossier I ordered a swiss miss balm dot com 26 days ago (to Canada) and it still hasnâ€™t come. No updates since the order date from DHL tracker either. How long does it usually take for packages to arrive? â˜¹ï¸,,,,
10,1594098902101377028,"I didn't hear about @Glossier till the @businessinsider hit piece - mostly bc I buy makeup in-store. Visited the new store in ATL and it was *packed* + a line to get in! 

Most ppl were already carrying Sephora bags inside which was interesting to see. https://t.co/eLJ7gsQUq4",Atlanta,,,
11,1594093594754826242,@blissworld @Essence @hauslabs @CTilburyMakeup @keyssoulcare @glossier @rarebeauty is this how you respond to your loyal #Customers when they get faulty products @GlowRecipe does #skincare https://t.co/8M81nSE7Y3,"Greenwich, CT and NY",,,
12,1594091765933424640,@AmySkelton20 @LiviesHQ @oliviarodrigo @glossier so pretty!!,,,,
13,1594090627788115969,"@glossier Hi, will you be restocking swiss miss on the uk site?? please say yes ğŸ‘€",she/her | 21,,,
14,1594072632923607040,RT @livsosrry: SHEâ€™S ARRIVED!! ğŸ’œğŸ¦‹âœ¨ğŸ’„ğŸ’‹ @glossier @LiviesHQ @oliviarodrigo https://t.co/rrjxqCOsfl,NSB 4ever â™¡,,,
15,1594063096334589952,@glossier I placed an order a week ago for two items and my order is still processing is that the usual for this time of year?,,,,
16,1594057772861038593,"@glossier Where is my order? Ya'll created a shipping label *10 days ago*, and it hasn't been shipped out, according to USPS. G Team hasn't been responsive at all. This is sooooo messed up.","Chicago, IL",,,
17,1594056282264473600,umm @glossier we need more swiss miss bdc,â˜¼ IG â³ briddynicole,,,
18,1594039652201205762,Guys - toner it isnâ€™t a secret. Should I mention @glossier,,,,"Place(_api=<tweepy.api.API object at 0x7fd2c41c5700>, id='bcb210d6cf34438a', url='https://api.twitter.com/1.1/geo/id/bcb210d6cf34438a.json', place_type='city', name='Pearland', full_name='Pearland, TX', country_code='US', country='United States', contained_within=[], bounding_box=BoundingBox(_api=<tweepy.api.API object at 0x7fd2c41c5700>, type='Polygon', coordinates=[[[-95.438435, 29.497739], [-95.215364, 29.497739], [-95.215364, 29.59803], [-95.438435, 29.59803]]]), attributes={})"
19,1594033575988531201,"RT @LiviesHQ: @isobelvictoria_ @glossier @oliviarodrigo hey izzy, u look good ğŸ¤—",Argentina,,,
20,1594031520175443968,@isobelvictoria_ @glossier @oliviarodrigo @LiviesHQ no fr like it is my pride and joy-,she/her - los angeles,,,
21,1594024767668903936,@isobelvictoria_ @LiviesHQ @jonaweenie @glossier @oliviarodrigo I WOULD BE TOO LOL,19 | she/her | ğŸ‡µğŸ‡­ | pan,,,
22,1594024662585020418,@ursosour @LiviesHQ @jonaweenie @glossier @oliviarodrigo IM SCREAMING,"she/her, liviesHQ noticed 5x.",,,
23,1594024596008620032,@LiviesHQ @jonaweenie @isobelvictoria_ @glossier @oliviarodrigo IZZYğŸ˜­ğŸ’œ,19 | she/her | ğŸ‡µğŸ‡­ | pan,,,
24,1594024318748352513,"RT @LiviesHQ: @isobelvictoria_ @glossier @oliviarodrigo hey izzy, u look good ğŸ¤—","seattle, wa | he/him",,,
25,1594023684204806145,@LiviesHQ @glossier @oliviarodrigo OMG AHDNWNXNANC THANK U,"she/her, liviesHQ noticed 5x.",,,
26,1594023618685685760,@LiviesHQ @isobelvictoria_ @glossier @oliviarodrigo Yay Izzy!!!! Congrats!!!!!,she/her 20 yrs,,,
27,1594023478134464513,"@isobelvictoria_ @glossier @oliviarodrigo hey izzy, u look good ğŸ¤—",,,,
28,1594023323876327429,i luv my @glossier X @oliviarodrigo collection a little too much https://t.co/AaCJIOYTDK,"she/her, liviesHQ noticed 5x.",,,
29,1594022515839467525,@AmySkelton20 @LiviesHQ @oliviarodrigo @glossier Beautiful,ÇnuÇÊŒÉ uooÉ¯ÊÇuoÉ¥ â€¢ 22 â™¡,,,
30,1594022473724563458,@LiviesHQ @AmySkelton20 @oliviarodrigo @glossier she slayed,,,,
31,1594022179511111681,@AmySkelton20 @LiviesHQ @oliviarodrigo @glossier SLAYYY,,,,
32,1594022178256613376,@AmySkelton20 @LiviesHQ @oliviarodrigo @glossier gorg,driving home 2 u ,,,
33,1594021987415998466,Wearing livs palette and ultra lip today âœ¨ @LiviesHQ @oliviarodrigo @glossier https://t.co/LIWD5VAulC,,,,
34,1594009254578782208,So excited that @glossier is now in #centercityphilly #makeup @ Rittenhouse Square https://t.co/An6npmPEtN,"Philadelphia, PA","{'type': 'Point', 'coordinates': [39.949261, -75.172197]}","{'type': 'Point', 'coordinates': [-75.172197, 39.949261]}","Place(_api=<tweepy.api.API object at 0x7fd2c41c5700>, id='e4a0d228eb6be76b', url='https://api.twitter.com/1.1/geo/id/e4a0d228eb6be76b.json', place_type='city', name='Philadelphia', full_name='Philadelphia, PA', country_code='US', country='United States', contained_within=[], bounding_box=BoundingBox(_api=<tweepy.api.API object at 0x7fd2c41c5700>, type='Polygon', coordinates=[[[-75.280284, 39.871811], [-74.955712, 39.871811], [-74.955712, 40.13792], [-75.280284, 40.13792]]]), attributes={})"
35,1594001791582146562,RT @FlorenceWatany1: @glossier yall should restock it since its for christmas season and its only november,,,,
36,1593995774513512449,I â™¡ @glossier skincare,Sleeping Beauty Castle,,,
37,1593986143938170880,@oliviarodrigo x @glossier slays !! @LiviesHQ âœ¨ğŸ«¶ğŸ’œğŸ¦‹ğŸª© https://t.co/z1yxMdPS71,,,,
38,1593841582695776262,"@glossier could literally sell goat spit and tell me it makes your skin more hydrated, and Iâ€™d be like â€œsay less, when is it available and where does it fit into my routineâ€","California, USA",,,
39,1593816168242229248,@fancy_jules @glossier And itâ€™s Thanksgiving holidays coming up. Hopefully our parcels arrive soon ğŸ˜•,"Melbourne, Australia.",,,
40,1593802502419681281,@glossier can yall put the utility tote bags online IM DESPERATE https://t.co/LqgxivuhNz,they/them READ MY CARRD!,,,
41,1593768357416796160,@glossier Ordered mine on 11/6 and have been waiting on the shipping confirmation. Went back to check order status and learned it was canceled on the same day. ğŸ˜,,,,
42,1593741386213302277,"My order GL14293925 has been confirmed for 14 days, but it has not been delivered yet. I replied to @glossier by email, but there has been no reply. god @glossier","Oregon, USA",,,
43,1593735366837780492,"RT @cohorted: Want to get glowy this November? 

We have teamed up with clean skincare and makeup brand @glossier to bring you some skin loâ€¦","Scotland, United Kingdom",,,
44,1593714910759829504,"@glossier I received the COMPLETELY wrong order in the mail, and no one has responded to my email yet (sent 5 business days ago)!!! It was a $125 order and no word! Plzzzz helppp a girl out","Suzhou, China",,,
45,1593691767479668744,"Iâ€™m still loving @glossier cloud paint ğŸ¨. 

#glossier #glossieraffiliate #makeup #beauty #dewy https://t.co/Aj276WFhRG","Los Angeles, CA",,,
46,1593679154209095680,@glossier Iâ€™ve emailed your customer care team regarding my missing order and still havenâ€™t had a reply. Please can someone help.,London,,,
47,1593675233713455104,@glossier This is really not good packing. Not only itâ€™s an unnecessarily big box but everything was just loose inside. https://t.co/IUVeNkgavd,"Oakland, CA",,,
48,1593667147716173825,glossier bby what's it gonna take for y'all to make a holiday advent calendar PLZ @glossier,,,,
49,1593662829994725376,when is Swiss miss coming back in stock? ğŸ¤¨ğŸ¤ @glossier,,,,
50,1593659421552418816,@glossier please answer my dm or email:( got sent a wrong order!,,,,
51,1593653677553762307,RT @livsosrry: SHEâ€™S ARRIVED!! ğŸ’œğŸ¦‹âœ¨ğŸ’„ğŸ’‹ @glossier @LiviesHQ @oliviarodrigo https://t.co/rrjxqCOsfl,tinista & livie,,,
52,1593646608889135104,@livsosrry @LiviesHQ @glossier @oliviarodrigo SO CUTE!!!,,,,
53,1593643489614598146,@glossier @hobble_hobble @glossier you havenâ€™t replied to any of my emails or DMs,ÇÊŒÉ uooÉ¯ÊÇuoÉ¥,,,
54,1593617519742357504,"@glossier My Gmail mailbox has been restored. I sent you a confirmation email, but you haven't responded to me yet.","Oregon, USA",,,
55,1593588649874145283,"If you haven't heard yet be sure to stop by the new Glossier Philadelphia location at 1716 Walnut Street.  Be sure to pick up a Mini Beauty BagğŸ‘›. @glossier will be donating $5 to @WBECEast for every bag soldğŸ˜ƒ! 
@WBENCLive #WBENCnetwork #WBECEast #Womeninbusiness @SBA_EasternPA https://t.co/C0tVRK2Eeh","Philadelphia, PA",,,
56,1593549024149266432,@glossier Iâ€™m crying rn,She/Her,,,
57,1593536260949565442,"Want to get glowy this November? 

We have teamed up with clean skincare and makeup brand @glossier to bring you some skin loving treats this month! ğŸ’•

Enter for your chance to #WIN
https://t.co/7j1AvMgzIm https://t.co/KbBEcmaBe6","Leeds, United Kingdom",,,
58,1593480064339001350,@glossier lip balm 10/10 I need the rest,ğŸª¦,,,
59,1593479429761560576,"@glossier I bought glossier with my new Gmail email, but my new email failed to log in, so I contacted you with my other email, but you never replied, because I registered my glossier account and I was able to provide the order number.","Oregon, USA",,,
60,1593453074206425089,Yesterday I went to the @glossier store in LA and they gave me a free body washâ€¦ Iâ€™m flying back home and TSA threw it away bc it was 250 ml ğŸ˜­ğŸ˜­,She/Her,,,
61,1593412252031676416,RT @livsosrry: SHEâ€™S ARRIVED!! ğŸ’œğŸ¦‹âœ¨ğŸ’„ğŸ’‹ @glossier @LiviesHQ @oliviarodrigo https://t.co/rrjxqCOsfl,,,,
62,1593401119593701376,"@Dyson airwrap, @Dior lip glow, @ParfumsdeMarly delina @Gucci a song for the rose  @JoMaloneLondon rose &amp; white musk musk @VictoriasSecret pjs @glossier balm &amp; oil @Coach handbags @chanel Eye patches + cream @diptyqueparis @loccitaneusa shower gel &amp; body oil @tatcha cream &amp; CASH",Hfmb tw,,,
63,1593355256284344320,@addressletters @glossier noo i signed up for notifs and still keep checking the site but nothing so farğŸ˜­ğŸ˜­,,,,
64,1593353242905350144,"@glossier Okays, done! Thank you.","Melbourne, Australia.",,,
65,1593349570691481602,@filmatichue @glossier did they restock it today? ğŸ¥²,she/her,,,
66,1593340207272972288,RT @livsosrry: SHEâ€™S ARRIVED!! ğŸ’œğŸ¦‹âœ¨ğŸ’„ğŸ’‹ @glossier @LiviesHQ @oliviarodrigo https://t.co/rrjxqCOsfl,,,,
67,1593338759885594624,"@glossier I ordered an item from you on the 7th, it hasnâ€™t arrived and the links youâ€™ve given say two different things. can you help? https://t.co/W05w2WUewh",,,,
68,1593333041476374528,@livvsupremacy @glossier no mine fit fine but Iâ€™m pretty sure their team is rly nice so I think u should dm them ğŸ«¶,15 she/her angry aries ,,,
69,1593331900579565570,@livvsupremacy @glossier contact them,,,,
70,1593331894350798848,RT @livsosrry: SHEâ€™S ARRIVED!! ğŸ’œğŸ¦‹âœ¨ğŸ’„ğŸ’‹ @glossier @LiviesHQ @oliviarodrigo https://t.co/rrjxqCOsfl,"San Jose, CA",,,
71,1593331456541073409,RT @livsosrry: SHEâ€™S ARRIVED!! ğŸ’œğŸ¦‹âœ¨ğŸ’„ğŸ’‹ @glossier @LiviesHQ @oliviarodrigo https://t.co/rrjxqCOsfl,Harry's House,,,
72,1593330875634225155,@glossier Thanks very much for your response. I appreciate it as much as I appreciate Glossier products :),London,,,
73,1593330401296396288,RT @livsosrry: SHEâ€™S ARRIVED!! ğŸ’œğŸ¦‹âœ¨ğŸ’„ğŸ’‹ @glossier @LiviesHQ @oliviarodrigo https://t.co/rrjxqCOsfl,"seattle, wa | he/him",,,
74,1593330372267413507,RT @livsosrry: SHEâ€™S ARRIVED!! ğŸ’œğŸ¦‹âœ¨ğŸ’„ğŸ’‹ @glossier @LiviesHQ @oliviarodrigo https://t.co/rrjxqCOsfl,,,,
75,1593329938030989312,was anyone else having a problem with their @glossier pisces ultralip cap not fitting properly? it would never fully click and ended up falling off somehwere :( i canâ€™t get a replacement cap because itâ€™s sold out. lmk if they were having a problem w a loose cap too!,she/her 17,,,
76,1593320864916840448,Can someone convince @glossier to restock the Liv collection!!! ğŸ˜­ğŸŒ¸âœ¨ğŸ¦‹ I want it so badlyyyy!!! https://t.co/bonQCeec94,Montreal ~ Canada ,,,
77,1593318135414886402,SHEâ€™S ARRIVED!! ğŸ’œğŸ¦‹âœ¨ğŸ’„ğŸ’‹ @glossier @LiviesHQ @oliviarodrigo https://t.co/rrjxqCOsfl,she her ğŸ•°ï¸ 18,,,
78,1593316503662825474,3ï¸âƒ£ Turn your customers into brand evangelists. Incentivize your loyal fans to tell their friends by fostering a community and rewarding referrals (see: the @glossier effect).,"Los Angeles, CA",,,
79,1593313748529295361,"I have been waiting for glossier's order for 2 weeks, but it still hasn't been delivered. God, I don't know if I can receive it before I go to Australia.@glossier","Oregon, USA",,,
80,1593290902998581248,. @glossier restock the ultralip challenge https://t.co/NF9dQYyjGv,she/herâ€¢blackâ€¢teenâ€¢lhq x2,,,
81,1593278433085095937,"Yâ€™all better like my new Tiktok if you want smooth lips this winter ğŸ˜¤ğŸ˜©ğŸ«¶ğŸ¼ğŸ¤ğŸ’„

I used cute little products from @glossier @hudabeauty &amp; @FreshBeauty 

https://t.co/Pm5UuP9wQb","Los Angeles, CA",,,
82,1593272749761388545,"Dear @glossier please unsubscribe me from your mailing list. Iâ€™ve tried doing so myself via the link provided at the bottom of each mail but the link doesnâ€™t work. 
I donâ€™t wish to receive daily emails from you (even though I like your products) so please take care of it. Thanks!",London,,,
83,1593260678600704000,@hobble_hobble @glossier I have the same issue @glossier,ÇÊŒÉ uooÉ¯ÊÇuoÉ¥,,,
84,1593260573810200583,@glossier I made an order 7 weekdays ago and havenâ€™t got my confirmation email for shipping or anything. And i was hoping to get it before i leave ğŸ¥º #glossier,ÇÊŒÉ uooÉ¯ÊÇuoÉ¥,,,
85,1593193413276741633,"@glossier Hello, I am just wondering whether the Glossier beauty bag is likely to be restocked in the U.K. before Christmas? Many thanks.",Dartford,,,
86,1593114379733827584,"Hi @glossier, I placed an order a week ago and still no updates. I really need it before I leave the US ğŸ¥º","Melbourne, Australia.",,,
87,1593057069170855936,i need @glossier to restock the swiss miss balm dotcom before christmas itâ€™s the perfect gift and i just missed itğŸ˜­ğŸ˜­,,,,
88,1592988247797698561,@glossier please restock swiss miss bdc winter hasnt even started yet ğŸ˜­,she/her,,,
89,1592972159307350017,I'm still very angry. I've paid for it for 12 days. Why hasn't glossier delivered it to me?  @glossier @glossier,"Oregon, USA",,,
90,1592965943852175361,All I want for Xmas is a @glossier sponsorship ğŸ˜,"Quebec, Canada",,,
91,1592963818837389312,The new Swiss lip balm from @glossier is *chefs kiss* very nostalgic!,"Lake Worth, FL",,,
92,1592949295480975362,@glossier how do I go get an update on an order placed on 2 November? I have emailed GTeam a few times but no reply from them,,,,
93,1592939721172213760,@glossier is swiss miss available in seattle?,lhq x2,,,
94,1592933014681501696,@glossier continues the rollout of permanent retail locations that it began in 2021 after closing its New York and Los Angeles stores during the coronavirus pandemic. https://t.co/Ss1NB9hCDi #beautymatter #glossier #retail #cosmetics #skincare https://t.co/YyDWrVTNt5,,,,
95,1592931909579214848,"@glossier hi, i have placed two orders on different dates and both have been canceled. Can you explain why pls?
Order GL14351170 and GL14401628. Thanks. Really need the products ASAP.",,,,
96,1592903703862075392,"What are beauty brand giants like @elfcosmetics, @glossier &amp; @tula  doing to stay white-hot in an ultra-competitive market? We rounded up key trends and real-world examples for beauty brands to try in 2023. https://t.co/KwDVs2kDAt https://t.co/hg0YRyATuT","San Francisco, CA",,,
97,1592840082322378753,@glossier do the holiday kits come with a holiday sticker? ğŸ¤” Afraid sets will sold out but donâ€™t want to miss out on the festive stickerâ€¦. ğŸ«£,"London, England",,,
98,1592839620349550593,"@glossier I received an order but it is missing one of my items - Iâ€™ve reached out via email and Twitter DMs the since Saturday but not heard back, would be great to get this sorted - thanks! ğŸ˜Š",London / Halifax,,,
99,1592813377759449093,RT @not_madi_: This @NFTCryptoChicks by @illustramanda is a top executive at @Glossier who leads new product innovation. Sheâ€™s dreamed up aâ€¦,United States,,,
100,1592797068523081728,@glossier hi I sent an email 3 days ago and no one has replied. You're sending an item to the wrong address. It will be delivered to that wrong address tomorrow. Can you stop the delivery please?,"Midlands, UK",,,
101,1592778259015806977,"RT @ICUC: Join ICUCâ€™s Co-President &amp; Chief Growth Officer, Nicole Van Zanten, @jaybaer from @convince, and Jamie Dinar from @glossier on Weâ€¦",florida,,,
102,1592778209829203969,RT @convince: Happening tomorrow! Learn all there is to know on how to boost your cx initiatives across your channels from top-level expertâ€¦,florida,,,
103,1592718528473600000,cold pitched to glossier &amp; they instantly emailed back not looking for any collaborations at the moment.. grrr i would LOVE to work with this company. @glossier,"Indiana, USA",,,
104,1592678882939146240,@glossier will u be restocking the glossier you candles ğŸ¥²ğŸ¥²,â™‰ï¸âŠ™ â™ï¸â˜½ â™Šï¸â†‘ | she/her,,,
105,1592659187070562304,One thing Ab me is I will watch fight club for the first time after lighting my @Glossier candle and putting on fuzzy socks and lounge in my @yourparade comfy undies on a Tuesday night.,,,,
106,1592657849880317953,@glossier Thank you besties! ğŸ’–,Where the Boats Are,,,
107,1592651606675566593,Thank you ğŸ˜ğŸ’œ @glossier @oliviarodrigo @LiviesHQ #glossierxoliviarodrigo https://t.co/e0LcsA2dCc,cali | she/her ğŸ’Ÿ,,,
108,1592614944847302657,the glossier swiss miss balm is delicious ğŸ˜­ @glossier please restock it i need endless supply,she/her,,,
109,1592593779193683968,"#OliviaRodrigo's fave brand, @glossier, Is 30% off sitewide!!! ğŸƒâ€â™€ï¸  https://t.co/ITzRzuIGGh","New York, NY",,,
110,1592577063369998336,@glossier please restock swiss missğŸ¤ u will make so much money please do it,,,,
111,1592556344774918144,"@glossier Hi, I would love for my candle to arriveâ€¦ğŸ«¤ Iâ€™ve emailed twice and no response. I placed my order on 11/1 and the tracking is stuck in limboâ€¦. Order #GL14270408","Canyon Lake, TX",,,
112,1592553042137993218,feelin happy n healthy with my @glossier X @oliviarodrigo collection ! ğŸ’Ÿ https://t.co/zE9Unl6kWq,"she/her, liviesHQ noticed 5x.",,,
113,1592552482496208896,Bring back bubble wrap pls @glossier,tus sueÃ±os,,,
114,1592535057709031424,"RT @sabrinatajudin_: ğŸ’–Pink Beauty RoutineğŸ’– feat :
@WardahBeauty_MY
@tatagaltier @kaymanbeauty @glossier @GlowRecipe Neogen @flonerch @needsâ€¦",,,,
115,1592530698917007361,RT @LiviesHQ: itâ€™s purple out here!!! ğŸ’ŸÂ Â LA understood the assignment &amp; showed up to @glossier on monday to celebrate livâ€™s new collection.â€¦,brutal,,,
116,1592505977685016577,RT @ursosour: got to see my bestie! @glossier @oliviarodrigo @LiviesHQ https://t.co/xGQdazqLEu,happy and healthy ,,,
117,1592503337915920387,RT @FlorenceWatany1: @glossier yall should restock it since its for christmas season and its only november,0945,,,
118,1592503215844913154,RT @luxureybaby: glossier swiss miss sold out and i didnâ€™t get to buy one. So upset ahhh @glossier pls add it to the permanent collection.,0945,,,
119,1592499184170860549,RT @bwtracingpoint: @glossier bring back swiss miss and wild fig,0945,,,
120,1592499051886686213,@glossier Will restock swiss miss?,0945,,,
121,1592473751102582784,Hands up if you NEED that @glossier Cross Country Kit. â›· https://t.co/oTmVQlgeKS,London,,,
122,1592393248596975617,@glossier bought mine and yâ€™all didnâ€™t even ship it to me with the rest of my products.ğŸ§ğŸ»â€â™€ï¸,w/andi,,,
123,1592368542875545600,@_CosaLinda @glossier look stunnily glossierğŸ™ğŸŒ¹,"Chandigarh, India",,,
124,1592344988238884865,"@glossier Hello, will this set be available again? ğŸ˜­ https://t.co/eSTsJIKwHX",,,,
125,1592297572382687236,throwback to when I bought from @glossier for the first time â¤ï¸ full face of glossier &lt;3 https://t.co/aOogFBybRo,tus sueÃ±os,,,
126,1592263511593586688,"In tonightâ€™s #LHRoundup:
 
1âƒ£ @topicals raises $10M Series A
2âƒ£ @ordergroove raises $100M 
3âƒ£ @glossier continues brick-and-mortar expansion in Philadelphia and Brooklyn
4âƒ£ 2,270 open roles
 
Read: https://t.co/fppDWiyCDd
Subscribe: https://t.co/I8GvMUodXy","New York, NY",,,
127,1592261671862427649,@glossier bring back swiss miss and wild fig,,,,
128,1592256747158310913,@glossier restock the swiss miss balm PLEASE,â˜•ï¸ She Her,,,
129,1592254608222871552,I wish @glossier operated like a restaurant with same day delivery runners in the city,"New York, NY",,,
130,1592245444591390720,me &amp; @glossier r bffs itâ€™s true https://t.co/u6ePedCM3H,she/her. anti.,,,
131,1592229190367346688,@glossier come on you know what to do!! my bffs look amazingggg ğŸ¤ https://t.co/dAmCNzGlCT,21 â€¢ she\her ,,,
132,1592228977804201984,RT @Sky_Elysse: Sponsor me please @glossier :) https://t.co/Tz8Q76i89p,21 â€¢ she\her ,,,
133,1592228828071743488,RT @Sky_Elysse: Sponsor me please @glossier :) https://t.co/Tz8Q76i89p,"Florida, USA",,,
134,1592227320974446592,Sponsor me please @glossier :) https://t.co/Tz8Q76i89p,She/Her â€¢ 22 â€¢ ms â€¢ dancer,,,
135,1592222485663318017,@glossier please say you will make more of the Swiss miss lip balm,,,,
136,1592219903855136769,@glossier gingerbread cookie bdc please,new england,,,
137,1592217766941331456,@kaleighf @glossier &amp; Swiss Miss for sure! https://t.co/zigowausjq,"Indianapolis, IN",,,
138,1592217209065345025,@glossier RESTOCK IT PLS,,,,
139,1592200455924453377,the fact that the @glossier swiss miss balm dotcom is sold out and won't be restockedğŸ« ,,,,
140,1592194857061470209,@glossier my packaging arrived crushedâ€¦. luckily the lip balm was fine but the box was cuteâ€¦. https://t.co/2YYSuzcdNi,,,,
141,1592191855231393792,"Hey @glossier itâ€™s been 8 days and you havenâ€™t shipped my order still or responded to my email, can yâ€™all get on it pls","Athens, PA",,,
142,1592180750534967297,@FlowersForLiv @oliviarodrigo @glossier @LiviesHQ Omg so beautiful,,,,
143,1592175674592489474,@hterodrigo @LizzyMcAlpine they need to restock it. @glossier,lhq x2,,,
144,1592144357125427200,@FlowersForLiv @oliviarodrigo @glossier @LiviesHQ Slayy,,,,
145,1592143718538264578,Me realizing that I still have a 20 dollar @glossier gift card. Like how could I forget that??!!! https://t.co/ZdHROpz8D9,"Hampton, VA",,,
146,1592138948192931841,RT @ursosour: got to see my bestie! @glossier @oliviarodrigo @LiviesHQ https://t.co/xGQdazqLEu,She/Her,,,
147,1592091448329252869,"GUYS ğŸ˜­ğŸ˜­ğŸ˜­ğŸ˜­ğŸ˜­
@glossier @oliviarodrigo I LOVE YOU SO MUCH https://t.co/lFwTTbzRJy",the exit â˜† lhq x4 | she/her,,,
148,1592081799634890752,"RT @cohorted: Want to get glowy this November? 

We have teamed up with clean skincare and makeup brand @glossier to bring you some skin loâ€¦","Luton, England",,,
149,1592069661625319431,@glossier arenâ€™t yâ€™all union busters,she/her/they,,,
150,1592012538174406657,manifesting i receive a @glossier back in stock notification for swiss miss bdc because it sold out as i was checking out. iâ€™m heartbroken because i missed it,lhq x2,,,
151,1592012245634265093,Less is more and thatâ€™s why Iâ€™m a @glossier Girlâœ¨.,"Madre Linda, CA",,,
152,1591980373067829249,@isobelvictoria_ @glossier @oliviarodrigo @LiviesHQ Slay,,,,
153,1591964299039494145,"RT @cohorted: Want to get glowy this November? 

We have teamed up with clean skincare and makeup brand @glossier to bring you some skin loâ€¦","Scotland, United Kingdom",,,
154,1591957724635725824,RT @ursosour: got to see my bestie! @glossier @oliviarodrigo @LiviesHQ https://t.co/xGQdazqLEu,,,,
155,1591945539696099328,@jonaweenie @LiviesHQ @glossier @oliviarodrigo AHHH THANK YOU BESTIE!!!ğŸ¤­ğŸ’œğŸ«¶ğŸ¼,19 | she/her | ğŸ‡µğŸ‡­ | pan,,,
156,1591944992507195394,"@ursosour @LiviesHQ @glossier @oliviarodrigo OMG, FAITH!! LESSGOOOO!! U LOOK SOOOO GOOD, BESTIE!! ğŸ¤©ğŸ’œâœ¨","seattle, wa | he/him",,,
157,1591944896524713984,RT @ursosour: got to see my bestie! @glossier @oliviarodrigo @LiviesHQ https://t.co/xGQdazqLEu,"seattle, wa | he/him",,,
158,1591942141445820416,@ashhbedumb @glossier @oliviarodrigo @LiviesHQ I LOVE U MORE I SWEAR,19 | she/her | ğŸ‡µğŸ‡­ | pan,,,
159,1591942097036541952,@ashhbedumb @glossier @oliviarodrigo @LiviesHQ AHHH THANK U ADING &lt;333,19 | she/her | ğŸ‡µğŸ‡­ | pan,,,
160,1591941953859776512,@ursosour @glossier @oliviarodrigo @LiviesHQ LOVE YOU,she/they â¥ 16 â¥ filo â¥ la ,,,
161,1591941944531652608,@ursosour @glossier @oliviarodrigo @LiviesHQ UR SO HOT MY ATEEEE,she/they â¥ 16 â¥ filo â¥ la ,,,
162,1591941916698238976,RT @ursosour: got to see my bestie! @glossier @oliviarodrigo @LiviesHQ https://t.co/xGQdazqLEu,she/they â¥ 16 â¥ filo â¥ la ,,,
163,1591930370437836801,RT @ursosour: got to see my bestie! @glossier @oliviarodrigo @LiviesHQ https://t.co/xGQdazqLEu,,,,
164,1591928194466476032,@sourglendale @glossier @oliviarodrigo @LiviesHQ &lt;3333 ty bestie,19 | she/her | ğŸ‡µğŸ‡­ | pan,,,
165,1591926538542645249,@_nataliuhhh @glossier Bump @glossier,Limbo,,,
166,1591920624196550656,Wearing @oliviarodrigo &amp; @glossier ultra lip on Pisces.. Iâ€™m obsessed ğŸ¥° @LiviesHQ https://t.co/spz5blgBKI,Ireland,,,
167,1591920572879208448,went to glossier to buy the olivia bag and wore my docs just living my rodrigohoe life @glossier @LiviesHQ https://t.co/RXGz2l4uN3,,,,
168,1591919268509388800,RT @ursosour: got to see my bestie! @glossier @oliviarodrigo @LiviesHQ https://t.co/xGQdazqLEu,Olivia Rodrigoâ€™s homeğŸ’˜ğŸ¡,,,
169,1591919234703319040,what are @glossier and @LiviesHQ plan on restocking livs collection PLEAK I NEED IT, lhq x34 | ğŸ‡µğŸ‡­ | stsf ,,,
170,1591919197625651200,RT @ursosour: got to see my bestie! @glossier @oliviarodrigo @LiviesHQ https://t.co/xGQdazqLEu,tinista & livie,,,
171,1591919109557858304,@ursosour @LiviesHQ @glossier @oliviarodrigo LOVE,ÇnuÇÊŒÉ uooÉ¯ÊÇuoÉ¥ â€¢ 22 â™¡,,,
172,1591919014884052992,RT @ursosour: got to see my bestie! @glossier @oliviarodrigo @LiviesHQ https://t.co/xGQdazqLEu,,,,
173,1591918308835876864,One day @glossier will respond to my email or DMs without me needing to tweet @ them,,,,
174,1591918239868768263,@ursosour @glossier @oliviarodrigo @LiviesHQ SO PRETTY!!!!,United States,,,
175,1591913186911215616,"RT @cohorted: Want to get glowy this November? 

We have teamed up with clean skincare and makeup brand @glossier to bring you some skin loâ€¦","Wolverhampton, United Kingdom",,,
176,1591909962988638211,Anyone have any perfumes that smell similar to @glossier you? I donâ€™t want to support that company,she/her,,,
177,1591908331073208320,@ursosour @glossier @oliviarodrigo @LiviesHQ gorgeous,sabrina follows,,,
178,1591907911017836544,@ursosour @glossier @oliviarodrigo @LiviesHQ SO CUTE FAITH,"Los Angeles, CA",,,
179,1591905349635903491,I NEED LIVS BAG FROM @glossier PLEASE RESTOCK PELAK IM BEHGING, lhq x34 | ğŸ‡µğŸ‡­ | stsf ,,,
180,1591905226189340672,@ursosour @glossier @oliviarodrigo @LiviesHQ omg slayy faith!!,livieshq x1! â¤ï¸â€ğŸ”¥,,,
181,1591904738156904448,@aaahdumb @glossier @oliviarodrigo @LiviesHQ very slayyyy,19 | she/her | ğŸ‡µğŸ‡­ | pan,,,
182,1591901938366709761,"RT @cohorted: Want to get glowy this November? 

We have teamed up with clean skincare and makeup brand @glossier to bring you some skin loâ€¦",Huddersfield west yorkshire,,,
183,1591899564667461634,"RT @cohorted: Want to get glowy this November? 

We have teamed up with clean skincare and makeup brand @glossier to bring you some skin loâ€¦",Kent,,,
184,1591891209957801985,@cohorted @glossier Entered ğŸ¤©,"England, United Kingdom",,,
185,1591891172993236992,"RT @cohorted: Want to get glowy this November? 

We have teamed up with clean skincare and makeup brand @glossier to bring you some skin loâ€¦","England, United Kingdom",,,
186,1591890947646029825,@glossier please open a store in mall of America im begging you,,,,
187,1591889590184726528,@isobelvictoria_ @glossier @oliviarodrigo okay makes sense lol,,,,
188,1591889372319711232,@hannahakbd @glossier @oliviarodrigo i havenâ€™t yet !! waiting till they come online to post ğŸ¤­,"she/her, liviesHQ noticed 5x.",,,
189,1591889168309030913,@isobelvictoria_ @glossier @oliviarodrigo wait where did u post those?,,,,
190,1591887798411628544,@sourlaugh @glossier @oliviarodrigo thank uuuu,"she/her, liviesHQ noticed 5x.",,,
191,1591887660725194752,@isobelvictoria_ @glossier @oliviarodrigo omg yay!! good luck!!,driving alone past ur street,,,
192,1591887493708025856,@pixelyzd @glossier @oliviarodrigo thank youuuu,"she/her, liviesHQ noticed 5x.",,,
193,1591887429228982274,@isobelvictoria_ @glossier @oliviarodrigo Hope you'll get a notice!!,,,,
194,1591887024675778563,"i took some pics of me with the @glossier X @oliviarodrigo collection , waiting for liviesHQ to be online now to see if theyâ€™d notice ğŸ˜‹","she/her, liviesHQ noticed 5x.",,,
195,1591885973947912192,@ursosour @glossier @oliviarodrigo @LiviesHQ slayyyyy,idle town,,,
196,1591885414356615168,@ursosour @glossier @oliviarodrigo @LiviesHQ ofc ofc,she/her â€¢ minor â€¢ filo,,,
197,1591885164107694080,@livsmirrorball @glossier @oliviarodrigo @LiviesHQ ah thank you my ading &lt;3,19 | she/her | ğŸ‡µğŸ‡­ | pan,,,
198,1591880539010912257,@ursosour @glossier @oliviarodrigo @LiviesHQ prettiest ate!!!,she/her â€¢ minor â€¢ filo,,,
199,1591880506060451840,RT @ursosour: got to see my bestie! @glossier @oliviarodrigo @LiviesHQ https://t.co/xGQdazqLEu,she/her â€¢ minor â€¢ filo,,,
200,1591872065602457600,got to see my bestie! @glossier @oliviarodrigo @LiviesHQ https://t.co/xGQdazqLEu,19 | she/her | ğŸ‡µğŸ‡­ | pan,,,
201,1591838493197553664,"Ventures is thrilled to have national beauty brand, @glossier, as a philanthropic partner! For every water bottle sold in Glossierâ€™s Seattle store, $5 of the proceeds supports Venturesâ€™ mission. A few of our team members stopped by for a visit to their beautiful showroom. https://t.co/M4z8VCeKDQ","Seattle, WA",,,
202,1591826992873504768,"RT @cohorted: Want to get glowy this November? 

We have teamed up with clean skincare and makeup brand @glossier to bring you some skin loâ€¦",,,,
203,1591823683185967105,"@cohorted @glossier Very nice ,Entered",essex,,,
204,1591823592819462145,"RT @cohorted: Want to get glowy this November? 

We have teamed up with clean skincare and makeup brand @glossier to bring you some skin loâ€¦",essex,,,
205,1591813077875716098,@glossier can we get a â€œyouâ€  3 wick candle please!?! ğŸ˜«ğŸ˜«,"Atlanta, GA",,,
206,1591807233742241792,@glossier i already did!,,,,
207,1591796450891075584,"@glossier please please bring back the wild fig balm 
(â•¥ï¹â•¥)Ëš cookie butter seems to be permanent now, &amp; there's a new seasonal scent .. but still no fig! I miss her dearly!",a field in england    â™â™‰â™’,,,
208,1591788628572790790,My mini beauty bag is always with meğŸ’œ @glossier https://t.co/TkuDCpMBRi,,,,
209,1591786061713510402,@cohorted @glossier Yes please ğŸ¥° Entered âœ… @kefkat12,"Stirling, Scotland ",,,
210,1591785956063039492,"RT @cohorted: Want to get glowy this November? 

We have teamed up with clean skincare and makeup brand @glossier to bring you some skin loâ€¦","Stirling, Scotland ",,,
211,1591784718995161090,"Want to get glowy this November? 

We have teamed up with clean skincare and makeup brand @glossier to bring you some skin loving treats this month! ğŸ’•

Enter for your chance to #WIN
https://t.co/7j1AvMgzIm https://t.co/Uw1CxBsuCm","Leeds, United Kingdom",,,
212,1591756066446008321,glossier swiss miss sold out and i didnâ€™t get to buy one. So upset ahhh @glossier pls add it to the permanent collection.,cw:61.7 gw:50 ugw:45 bmi:20.6,,,
213,1591672147184947200,@glossier restock the gold lip gloss challenge go,she/her || anti,,,
214,1591634841413746690,@sourjoshy @glossier hii yess at the atlanta location they have the mini bag and eyeshadow pallet! they didnâ€™t have her ultra lip though,,,,
215,1591633329493004289,@BaylorAlbritton @glossier sorry to bother ! but did they still have livs collection and bag in stock ? thinking abt going tmrw &lt;3, lhq x34 | ğŸ‡µğŸ‡­ | stsf ,,,
216,1591616668895424512,we love you @glossier !! also bought the olivia bag of course https://t.co/ZWDNP3G4F4,,,,
217,1591586502974312448,RT @minorlysour: you look good @glossier !!! https://t.co/03SFaEZRQF,22. she/her.,,,
218,1591574283981037571,RT @minorlysour: you look good @glossier !!! https://t.co/03SFaEZRQF,ğ“†©â™¡ğ“†ª,,,
219,1591572977568870400,"Incase anyones in the market for new makeupâ€¦ I cried for 2-3 hrs today and my eyeliner wings havenâ€™t budged, @glossier knows WHATS UP!",Canada,,,
220,1591568656483639296,@minorlysour @glossier @oliviarodrigo @LiviesHQ YASS,she/her | 16,,,
221,1591567839768764416,you look good @glossier !!! https://t.co/03SFaEZRQF,she/her 14 ,,,
222,1591567411878432768,"RT @sabrinatajudin_: ğŸ’–Pink Beauty RoutineğŸ’– feat :
@WardahBeauty_MY
@tatagaltier @kaymanbeauty @glossier @GlowRecipe Neogen @flonerch @needsâ€¦","Marang, Terengganu",,,
223,1591565917489856512,@minorlysour @glossier @oliviarodrigo @LiviesHQ GORGEOUS,sabrina follows,,,
224,1591565341532258304,you look good @glossier https://t.co/3tNHV6rqNn,she/her 14 ,,,
225,1591558134602121219,RT @JazzieJaeT: Get into this @glossier mini tutorial https://t.co/VGD5PAhB2I https://t.co/CXD0GpAJ02,,,,
226,1591555271356477440,"RT @sabrinatajudin_: ğŸ’–Pink Beauty RoutineğŸ’– feat :
@WardahBeauty_MY
@tatagaltier @kaymanbeauty @glossier @GlowRecipe Neogen @flonerch @needsâ€¦",,,,
227,1591529108168921088,Wearing @oliviarodrigo &amp; @glossier ultra lip on Pisces.. Iâ€™m obsessed ğŸ¥° @LiviesHQ https://t.co/uQBRaLELLK,Ireland,,,
228,1591524537749114880,"@headassley That's crazy because my hoodie is my limited edition lavender @glossier X @oliviarodrigo collaboration and I love it. Super soft, warm, and cute! https://t.co/QUMBFcKkfi","Houston, TX He/Him 21",,,
229,1591520128864505857,@glossier really made the perfect lip colour!!! Gen G in malt is a masterpiece!,Free Palestine,,,
230,1591513468066496512,.@glossier are you having a security event (breach)? I keep getting password reset emails but Iâ€™m not trying to change my password.,,,,
231,1591497336034889731,There is a half-block wait to enter the new â¦@glossier store in Philadelphia. https://t.co/eLxGtwLFQ8,D.C. PHL. NYC. Wherever. ,,,
232,1591496414990778369,@jordanreviewsit @ZARA @ARITZIA @PrincessPolly @glossier @rarebeauty my dream!!ğŸ˜,,,,
233,1591488943580905473,@glossier Iâ€™ve gotten five emails to reset my password but I havenâ€™t requested any of them. What gives?,"Cape May, NJ",,,
234,1591470652845965313,I really want the @glossier candles but $45 for an 8oz candle (or $80 for the two pack) feels like robbery ğŸ˜­,"Chicago, IL",,,
235,1591465117858033666,"dear @glossier please make a store here in the heart of San Diego, I would totally work there pls I love you guys sm ğŸ¥ºğŸ˜”ğŸ¥²ğŸ’ğŸ’•","San Diego, CA",,,
236,1591463765945749504,all i want for christmas is @glossier to release a brown mascara,Oklahoma,,,
237,1591453243011653635,@glossier yall should restock it since its for christmas season and its only november,,,,
238,1591441523157213185,@glossier ummmm i ordered some stuff last sunday and still havenâ€™t received a shipment updateâ€¦shouldnâ€™t take a week to process and ship????,,,,
239,1591422005513187328,SCREAMING @glossier https://t.co/VpfIAvzXJO,"she/her, liviesHQ noticed 5x.",,,
240,1591419791088254977,JANCNWKCNJA MY GLOSSIER X LIV PACKAGE IS HERE @glossier @LiviesHQ @oliviarodrigo,"she/her, liviesHQ noticed 5x.",,,
241,1591377109133295616,"@glossier does anyone read or respond to your gTEAM@glossier.com email address? I ordered some items that I need to return, but checked out as a Guest. No return slip in box and no account to log in to. How do I return the items? Have emailed but nada in response.","Upton Park, London",,,
242,1591362814090047489,"RT @sabrinatajudin_: ğŸ’–Pink Beauty RoutineğŸ’– feat :
@WardahBeauty_MY
@tatagaltier @kaymanbeauty @glossier @GlowRecipe Neogen @flonerch @needsâ€¦","Ipoh, Malaysia",,,
243,1591359483975852032,"RT @sabrinatajudin_: ğŸ’–Pink Beauty RoutineğŸ’– feat :
@WardahBeauty_MY
@tatagaltier @kaymanbeauty @glossier @GlowRecipe Neogen @flonerch @needsâ€¦",Malaysia,,,
244,1591320939492704257,"RT @sabrinatajudin_: ğŸ’–Pink Beauty RoutineğŸ’– feat :
@WardahBeauty_MY
@tatagaltier @kaymanbeauty @glossier @GlowRecipe Neogen @flonerch @needsâ€¦",,,,
245,1591310026194714624,"RT @sabrinatajudin_: ğŸ’–Pink Beauty RoutineğŸ’– feat :
@WardahBeauty_MY
@tatagaltier @kaymanbeauty @glossier @GlowRecipe Neogen @flonerch @needsâ€¦",Ipoh Perak,,,
246,1591290774884605952,"RT @sabrinatajudin_: ğŸ’–Pink Beauty RoutineğŸ’– feat :
@WardahBeauty_MY
@tatagaltier @kaymanbeauty @glossier @GlowRecipe Neogen @flonerch @needsâ€¦",,,,
247,1591275150187843584,"RT @sabrinatajudin_: ğŸ’–Pink Beauty RoutineğŸ’– feat :
@WardahBeauty_MY
@tatagaltier @kaymanbeauty @glossier @GlowRecipe Neogen @flonerch @needsâ€¦","Selangor, Malaysia",,,
248,1591273481064173568,"RT @sabrinatajudin_: ğŸ’–Pink Beauty RoutineğŸ’– feat :
@WardahBeauty_MY
@tatagaltier @kaymanbeauty @glossier @GlowRecipe Neogen @flonerch @needsâ€¦",Malaysia,,,
249,1591261215485235200,"RT @sabrinatajudin_: ğŸ’–Pink Beauty RoutineğŸ’– feat :
@WardahBeauty_MY
@tatagaltier @kaymanbeauty @glossier @GlowRecipe Neogen @flonerch @needsâ€¦",Malaysia | USA,,,
250,1591257852555190273,RT @liviesforolivia: the @oliviarodrigo x @glossier collection is my new obsession https://t.co/swjhVHoT0I,,,,
251,1591254224222171136,"RT @sabrinatajudin_: ğŸ’–Pink Beauty RoutineğŸ’– feat :
@WardahBeauty_MY
@tatagaltier @kaymanbeauty @glossier @GlowRecipe Neogen @flonerch @needsâ€¦",Penang & Seri Kembangan,,,
